[
  {
    "Teams,Week 1 (4/18 - 4/24),Week 2 (4/25 - 5/1),Week 3 (5/2 - 5/8),Week 4 (5/9 - 5/15),Week 5 (5/16 - 5/22),Week 6 (5/23 - 5/29),Week 7 (5/30 - 6/5),Week 8 (6/6 - 6/12),Week 9 (6/13 - 6/19),Week 10 (6/20 - 6/26),Week 11 (6/27 - 7/3),Week 12 (7/4 - 7/10),Week 13 (7/11 - 7/17),Week 14 (7/18 - 7/31),Week 15 (8/1 - 8/7),Week 16 (8/8 - 8/14),Week 17 (8/15 - 8/21),Week 18 (8/22 - 8/28),Week 19 (8/29 - 9/4),Week 20 (9/5 - 9/11),Week 21 (9/12 - 9/18),Week 22 (9/19 - 9/25),Week 23 (9/26 - 10/5)": "\nAngels,3 @ HOU/ 3 vs BAL,4 vs CLE/ 3 @ CHW,1 @ CHW/ 3 @ BOS/ 3 vs WSN,3 vs TBR/ 4 @ OAK,3 @ TEX/ 3 vs OAK,2 vs TEX/ 4 vs TOR,3 @ NYY/ 3 @ PHI,4 vs BOS/ 3 vs NYM,2 @ LAD/ 5 @ SEA,3 vs KCR/ 3 vs SEA,3 vs CHW/ 3 @ HOU,2 @ MIA/ 4 @ BAL,3 vs HOU/ 2 vs LAD,3 @ ATL/ 3 @ KCR/ 4 vs TEX,3 vs OAK/ 4 @ SEA,3 @ OAK/ 3 vs MIN,3 vs SEA/ 3 @ DET,4 @ TBR/ 3 @ TOR,3 vs NYY/ 3 vs HOU,3 vs DET/ 3 @ HOU,3 @ CLE/ 3 vs SEA,1 vs SEA/ 3 @ TEX/ 3 @ MIN,3 vs OAK/ 3 vs TEX/ 3 @ OAK"
  },
  {
    "Teams,Week 1 (4/18 - 4/24),Week 2 (4/25 - 5/1),Week 3 (5/2 - 5/8),Week 4 (5/9 - 5/15),Week 5 (5/16 - 5/22),Week 6 (5/23 - 5/29),Week 7 (5/30 - 6/5),Week 8 (6/6 - 6/12),Week 9 (6/13 - 6/19),Week 10 (6/20 - 6/26),Week 11 (6/27 - 7/3),Week 12 (7/4 - 7/10),Week 13 (7/11 - 7/17),Week 14 (7/18 - 7/31),Week 15 (8/1 - 8/7),Week 16 (8/8 - 8/14),Week 17 (8/15 - 8/21),Week 18 (8/22 - 8/28),Week 19 (8/29 - 9/4),Week 20 (9/5 - 9/11),Week 21 (9/12 - 9/18),Week 22 (9/19 - 9/25),Week 23 (9/26 - 10/5)": "\nAstros,3 vs LAA/ 3 vs TOR,4 @ TEX/ 3 @ TOR,3 vs SEA/ 4 vs DET,3 @ MIN/ 3 @ WSN,3 @ BOS/ 4 vs TEX,3 vs CLE/ 3 @ SEA,3 @ OAK/ 3 @ KCR,3 vs SEA/ 3 vs MIA,3 @ TEX/ 3 vs CHW,2 vs NYM/ 4 @ NYY,2 @ NYM/ 1 vs NYY/ 3 vs LAA,4 vs KCR/ 3 @ OAK,3 @ LAA/ 3 vs OAK,2 vs NYY/ 3 @ SEA/ 3 @ OAK/ 4 vs SEA,3 vs BOS/ 4 @ CLE,3 vs TEX/ 3 vs OAK,4 @ CHW/ 3 @ ATL,3 vs MIN/ 3 vs BAL,2 @ TEX/ 3 @ LAA,3 vs TEX/ 3 vs LAA,3 @ DET/ 4 vs OAK,3 @ TBR/ 4 @ BAL,2 vs ARI/ 3 vs TBR/ 3 vs PHI"
  },
  {
    "Teams,Week 1 (4/18 - 4/24),Week 2 (4/25 - 5/1),Week 3 (5/2 - 5/8),Week 4 (5/9 - 5/15),Week 5 (5/16 - 5/22),Week 6 (5/23 - 5/29),Week 7 (5/30 - 6/5),Week 8 (6/6 - 6/12),Week 9 (6/13 - 6/19),Week 10 (6/20 - 6/26),Week 11 (6/27 - 7/3),Week 12 (7/4 - 7/10),Week 13 (7/11 - 7/17),Week 14 (7/18 - 7/31),Week 15 (8/1 - 8/7),Week 16 (8/8 - 8/14),Week 17 (8/15 - 8/21),Week 18 (8/22 - 8/28),Week 19 (8/29 - 9/4),Week 20 (9/5 - 9/11),Week 21 (9/12 - 9/18),Week 22 (9/19 - 9/25),Week 23 (9/26 - 10/5)": "\nAthletics,4 vs BAL/ 3 vs TEX,2 @ SFG/ 3 vs CLE,3 vs TBR/ 3 @ MIN,1 vs DET/ 4 @ DET/ 4 vs LAA,3 vs MIN/ 3 @ LAA,3 @ SEA/ 4 vs TEX,3 vs HOU/ 3 vs BOS,2 @ ATL/ 4 @ CLE,3 @ BOS/ 3 vs KCR,3 vs SEA/ 3 @ KCR,3 @ NYY/ 4 @ SEA,3 vs TOR/ 3 vs HOU,3 @ TEX/ 3 @ HOU,2 vs DET/ 3 vs TEX/ 3 vs HOU/ 3 @ CHW,3 @ LAA/ 2 vs SFG,3 vs LAA/ 3 @ HOU,4 @ TEX/ 3 vs SEA,3 vs MIA/ 4 vs NYY,3 @ WSN/ 3 @ BAL,2 vs ATL/ 4 vs CHW,2 @ TEX/ 4 @ HOU,3 vs SEA/ 3 vs NYM,3 @ LAA/ 3 @ SEA/ 3 vs LAA"
  },
  {
    "Teams,Week 1 (4/18 - 4/24),Week 2 (4/25 - 5/1),Week 3 (5/2 - 5/8),Week 4 (5/9 - 5/15),Week 5 (5/16 - 5/22),Week 6 (5/23 - 5/29),Week 7 (5/30 - 6/5),Week 8 (6/6 - 6/12),Week 9 (6/13 - 6/19),Week 10 (6/20 - 6/26),Week 11 (6/27 - 7/3),Week 12 (7/4 - 7/10),Week 13 (7/11 - 7/17),Week 14 (7/18 - 7/31),Week 15 (8/1 - 8/7),Week 16 (8/8 - 8/14),Week 17 (8/15 - 8/21),Week 18 (8/22 - 8/28),Week 19 (8/29 - 9/4),Week 20 (9/5 - 9/11),Week 21 (9/12 - 9/18),Week 22 (9/19 - 9/25),Week 23 (9/26 - 10/5)": "\nBlue Jays,3 @ BOS/ 3 @ HOU,4 vs BOS/ 3 vs HOU,3 vs NYY/ 4 @ CLE,2 @ NYY/ 3 @ TBR,3 vs SEA/ 3 vs CIN,2 @ STL/ 4 @ LAA,3 vs CHW/ 3 vs MIN,3 @ KCR/ 3 @ DET,4 vs BAL/ 3 vs NYY,3 @ CHW/ 3 @ MIL,3 vs BOS/ 5 vs TBR,3 @ OAK/ 4 @ SEA,2 vs PHI/ 4 vs KCR,3 @ BOS/ 2 vs STL/ 4 vs DET,2 @ TBR/ 4 @ MIN,3 @ BAL/ 3 vs CLE,3 vs BAL/ 4 @ NYY,3 @ BOS/ 3 vs LAA,3 vs CHC/ 3 @ PIT,3 @ BAL/ 3 @ TEX,5 vs TBR/ 3 vs BAL,2 @ PHI/ 4 @ TBR,3 vs NYY/ 3 vs BOS/ 3 @ BAL"
  },
  {
    "Teams,Week 1 (4/18 - 4/24),Week 2 (4/25 - 5/1),Week 3 (5/2 - 5/8),Week 4 (5/9 - 5/15),Week 5 (5/16 - 5/22),Week 6 (5/23 - 5/29),Week 7 (5/30 - 6/5),Week 8 (6/6 - 6/12),Week 9 (6/13 - 6/19),Week 10 (6/20 - 6/26),Week 11 (6/27 - 7/3),Week 12 (7/4 - 7/10),Week 13 (7/11 - 7/17),Week 14 (7/18 - 7/31),Week 15 (8/1 - 8/7),Week 16 (8/8 - 8/14),Week 17 (8/15 - 8/21),Week 18 (8/22 - 8/28),Week 19 (8/29 - 9/4),Week 20 (9/5 - 9/11),Week 21 (9/12 - 9/18),Week 22 (9/19 - 9/25),Week 23 (9/26 - 10/5)": "\nBraves,3 @ LAD/ 3 vs MIA,3 vs CHC/ 3 @ TEX,4 @ NYM/ 3 vs MIL,2 vs BOS/ 3 vs SDP,3 @ MIL/ 3 @ MIA,4 vs PHI/ 3 vs MIA,3 @ ARI/ 4 @ COL,2 vs OAK/ 4 vs PIT,3 @ WSN/ 3 @ CHC,4 vs SFG/ 3 vs LAD,3 @ PHI/ 3 @ CIN,4 vs STL/ 3 vs WSN,3 vs NYM/ 4 @ WSN,3 vs LAA/ 3 @ PHI/ 3 vs ARI,2 vs PHI/ 5 @ NYM,2 @ BOS/ 4 @ MIA,4 vs NYM/ 3 vs HOU,3 @ PIT/ 3 @ STL,3 vs COL/ 3 vs MIA,2 @ OAK/ 3 @ SEA,3 @ SFG/ 3 vs PHI,3 vs WSN/ 4 @ PHI,3 @ WSN/ 3 vs NYM/ 3 @ MIA"
  },
  {
    "Teams,Week 1 (4/18 - 4/24),Week 2 (4/25 - 5/1),Week 3 (5/2 - 5/8),Week 4 (5/9 - 5/15),Week 5 (5/16 - 5/22),Week 6 (5/23 - 5/29),Week 7 (5/30 - 6/5),Week 8 (6/6 - 6/12),Week 9 (6/13 - 6/19),Week 10 (6/20 - 6/26),Week 11 (6/27 - 7/3),Week 12 (7/4 - 7/10),Week 13 (7/11 - 7/17),Week 14 (7/18 - 7/31),Week 15 (8/1 - 8/7),Week 16 (8/8 - 8/14),Week 17 (8/15 - 8/21),Week 18 (8/22 - 8/28),Week 19 (8/29 - 9/4),Week 20 (9/5 - 9/11),Week 21 (9/12 - 9/18),Week 22 (9/19 - 9/25),Week 23 (9/26 - 10/5)": "\nBrewers,3 vs PIT/ 3 @ PHI,1 vs SFG/ 3 @ PIT/ 3 vs CHC,3 vs CIN/ 3 @ ATL,3 @ CIN/ 3 @ MIA,3 vs ATL/ 3 vs WSN,3 @ SDP/ 4 @ STL,3 @ CHC/ 4 vs SDP,3 vs PHI/ 3 @ WSN,3 @ NYM/ 3 @ CIN,4 vs STL/ 3 vs TOR,2 @ TBR/ 4 @ PIT,3 vs CHC/ 3 vs PIT,2 @ MIN/ 4 @ SFG,4 vs COL/ 2 vs MIN/ 3 @ BOS,3 @ PIT/ 3 vs CIN,2 vs TBR/ 3 @ STL,4 vs LAD/ 3 @ CHC,3 @ LAD/ 3 vs CHC,3 vs PIT/ 4 @ ARI,3 @ COL/ 2 vs SFG/ 3 vs CIN,2 @ STL/ 3 vs NYY,3 vs NYM/ 4 @ CIN,2 vs STL/ 4 vs MIA/ 3 vs ARI"
  },
  {
    "Teams,Week 1 (4/18 - 4/24),Week 2 (4/25 - 5/1),Week 3 (5/2 - 5/8),Week 4 (5/9 - 5/15),Week 5 (5/16 - 5/22),Week 6 (5/23 - 5/29),Week 7 (5/30 - 6/5),Week 8 (6/6 - 6/12),Week 9 (6/13 - 6/19),Week 10 (6/20 - 6/26),Week 11 (6/27 - 7/3),Week 12 (7/4 - 7/10),Week 13 (7/11 - 7/17),Week 14 (7/18 - 7/31),Week 15 (8/1 - 8/7),Week 16 (8/8 - 8/14),Week 17 (8/15 - 8/21),Week 18 (8/22 - 8/28),Week 19 (8/29 - 9/4),Week 20 (9/5 - 9/11),Week 21 (9/12 - 9/18),Week 22 (9/19 - 9/25),Week 23 (9/26 - 10/5)": "\nCardinals,3 @ MIA/ 3 @ CIN,3 vs NYM/ 4 vs ARI,2 @ KCR/ 4 @ SFG,3 vs BAL/ 3 vs SFG,4 @ NYM/ 3 @ PIT,2 vs TOR/ 4 vs MIL,3 vs SDP/ 5 @ CHC,3 @ TBR/ 3 vs CIN,3 vs PIT/ 3 @ BOS,4 @ MIL/ 3 vs CHC,3 vs MIA/ 3 @ PHI,4 @ ATL/ 3 vs PHI,1 vs PHI/ 3 vs LAD/ 3 vs CIN,3 @ CIN/ 2 @ TOR/ 3 @ WSN,3 vs CHC/ 3 vs NYY,3 @ COL/ 3 vs MIL,3 vs COL/ 3 @ ARI,5 @ CHC/ 3 vs ATL,3 @ CIN/ 3 vs CHC,4 vs WSN/ 3 @ PIT,2 vs MIL/ 4 vs CIN,3 @ SDP/ 3 @ LAD,2 @ MIL/ 3 vs PIT/ 3 @ PIT"
  },
  {
    "Teams,Week 1 (4/18 - 4/24),Week 2 (4/25 - 5/1),Week 3 (5/2 - 5/8),Week 4 (5/9 - 5/15),Week 5 (5/16 - 5/22),Week 6 (5/23 - 5/29),Week 7 (5/30 - 6/5),Week 8 (6/6 - 6/12),Week 9 (6/13 - 6/19),Week 10 (6/20 - 6/26),Week 11 (6/27 - 7/3),Week 12 (7/4 - 7/10),Week 13 (7/11 - 7/17),Week 14 (7/18 - 7/31),Week 15 (8/1 - 8/7),Week 16 (8/8 - 8/14),Week 17 (8/15 - 8/21),Week 18 (8/22 - 8/28),Week 19 (8/29 - 9/4),Week 20 (9/5 - 9/11),Week 21 (9/12 - 9/18),Week 22 (9/19 - 9/25),Week 23 (9/26 - 10/5)": "\nCubs,3 vs TBR/ 4 vs PIT,3 @ ATL/ 3 @ MIL,2 vs CHW/ 3 vs LAD,3 @ SDP/ 3 @ ARI,3 vs PIT/ 4 vs ARI,4 @ CIN/ 2 @ CHW,3 vs MIL/ 5 vs STL,2 @ BAL/ 3 @ NYY,4 vs SDP/ 3 vs ATL,4 @ PIT/ 3 @ STL,3 vs CIN/ 3 vs BOS,3 @ MIL/ 4 @ LAD,2 vs BAL/ 4 vs NYM,3 @ PHI/ 2 vs PIT/ 4 @ SFG,3 @ STL/ 3 vs MIA,3 vs WSN/ 3 @ CIN,3 @ WSN/ 3 vs MIL,5 vs STL/ 3 @ MIL,3 @ TOR/ 3 @ STL,3 vs CIN/ 3 vs SFG,3 @ NYM/ 3 vs COL,3 @ MIA/ 4 @ PIT,3 vs PHI/ 3 vs CIN/ 3 @ CIN"
  },
  {
    "Teams,Week 1 (4/18 - 4/24),Week 2 (4/25 - 5/1),Week 3 (5/2 - 5/8),Week 4 (5/9 - 5/15),Week 5 (5/16 - 5/22),Week 6 (5/23 - 5/29),Week 7 (5/30 - 6/5),Week 8 (6/6 - 6/12),Week 9 (6/13 - 6/19),Week 10 (6/20 - 6/26),Week 11 (6/27 - 7/3),Week 12 (7/4 - 7/10),Week 13 (7/11 - 7/17),Week 14 (7/18 - 7/31),Week 15 (8/1 - 8/7),Week 16 (8/8 - 8/14),Week 17 (8/15 - 8/21),Week 18 (8/22 - 8/28),Week 19 (8/29 - 9/4),Week 20 (9/5 - 9/11),Week 21 (9/12 - 9/18),Week 22 (9/19 - 9/25),Week 23 (9/26 - 10/5)": "\nDiamondbacks,4 @ WSN/ 3 vs NYM,3 vs LAD/ 4 @ STL,3 @ MIA/ 3 vs COL,3 vs MIA/ 3 vs CHC,4 @ LAD/ 4 @ CHC,2 vs KCR/ 4 vs LAD,3 vs ATL/ 3 @ PIT,4 @ CIN/ 3 @ PHI,3 vs CIN/ 3 vs MIN,3 @ SDP/ 3 vs DET,2 vs SDP/ 3 @ COL,3 vs SFG/ 4 vs COL,3 @ SFG/ 3 @ SDP,3 vs WSN/ 3 vs SFG/ 3 @ ATL,3 @ CLE/ 3 vs COL,4 vs PIT/ 3 @ COL,4 @ SFG/ 3 vs STL,2 @ KCR/ 3 @ CHW,3 vs PHI/ 4 vs MIL,3 @ SDP/ 3 @ COL,3 vs LAD/ 4 vs SDP,5 @ LAD/ 3 vs SFG,2 @ HOU/ 3 @ SFG/ 3 @ MIL"
  },
  {
    "Teams,Week 1 (4/18 - 4/24),Week 2 (4/25 - 5/1),Week 3 (5/2 - 5/8),Week 4 (5/9 - 5/15),Week 5 (5/16 - 5/22),Week 6 (5/23 - 5/29),Week 7 (5/30 - 6/5),Week 8 (6/6 - 6/12),Week 9 (6/13 - 6/19),Week 10 (6/20 - 6/26),Week 11 (6/27 - 7/3),Week 12 (7/4 - 7/10),Week 13 (7/11 - 7/17),Week 14 (7/18 - 7/31),Week 15 (8/1 - 8/7),Week 16 (8/8 - 8/14),Week 17 (8/15 - 8/21),Week 18 (8/22 - 8/28),Week 19 (8/29 - 9/4),Week 20 (9/5 - 9/11),Week 21 (9/12 - 9/18),Week 22 (9/19 - 9/25),Week 23 (9/26 - 10/5)": "\nDodgers,3 vs ATL/ 3 @ SDP,3 @ ARI/ 3 vs DET,2 vs SFG/ 3 @ CHC,3 @ PIT/ 4 vs PHI,4 vs ARI/ 3 @ PHI,3 @ WSN/ 4 @ ARI,3 vs PIT/ 4 vs NYM,3 @ CHW/ 3 @ SFG,2 vs LAA/ 3 vs CLE,3 @ CIN/ 3 @ ATL,3 @ COL/ 4 vs SDP,3 vs COL/ 4 vs CHC,3 @ STL/ 2 @ LAA,4 vs SFG/ 3 vs WSN/ 4 @ COL,4 @ SFG/ 3 vs SDP,2 vs MIN/ 3 @ KCR,4 @ MIL/ 3 vs MIA,3 vs MIL/ 3 @ MIA,1 @ MIA/ 3 @ NYM/ 3 vs SDP,3 vs SFG/ 3 @ SDP,3 @ ARI/ 3 @ SFG,5 vs ARI/ 3 vs STL,3 @ SDP/ 6 vs COL"
  },
  {
    "Teams,Week 1 (4/18 - 4/24),Week 2 (4/25 - 5/1),Week 3 (5/2 - 5/8),Week 4 (5/9 - 5/15),Week 5 (5/16 - 5/22),Week 6 (5/23 - 5/29),Week 7 (5/30 - 6/5),Week 8 (6/6 - 6/12),Week 9 (6/13 - 6/19),Week 10 (6/20 - 6/26),Week 11 (6/27 - 7/3),Week 12 (7/4 - 7/10),Week 13 (7/11 - 7/17),Week 14 (7/18 - 7/31),Week 15 (8/1 - 8/7),Week 16 (8/8 - 8/14),Week 17 (8/15 - 8/21),Week 18 (8/22 - 8/28),Week 19 (8/29 - 9/4),Week 20 (9/5 - 9/11),Week 21 (9/12 - 9/18),Week 22 (9/19 - 9/25),Week 23 (9/26 - 10/5)": "\nGiants,4 @ NYM/ 3 @ WSN,1 @ MIL/ 2 vs OAK/ 3 vs WSN,2 @ LAD/ 4 vs STL,3 vs COL/ 3 @ STL,3 @ COL/ 3 vs SDP,3 vs NYM/ 3 @ CIN,3 @ PHI/ 4 @ MIA,3 vs COL/ 3 vs LAD,3 vs KCR/ 3 @ PIT,4 @ ATL/ 3 vs CIN,2 vs DET/ 3 vs CHW,3 @ ARI/ 4 @ SDP,3 vs ARI/ 4 vs MIL,4 @ LAD/ 3 @ ARI/ 4 vs CHC,4 vs LAD/ 2 @ OAK,3 @ SDP/ 3 vs PIT,4 vs ARI/ 3 @ COL,2 @ DET/ 3 @ MIN,3 vs SDP/ 3 vs PHI,3 @ LAD/ 2 @ MIL/ 3 @ CHC,3 vs ATL/ 3 vs LAD,4 @ COL/ 3 @ ARI,3 vs COL/ 3 vs ARI/ 3 @ SDP"
  },
  {
    "Teams,Week 1 (4/18 - 4/24),Week 2 (4/25 - 5/1),Week 3 (5/2 - 5/8),Week 4 (5/9 - 5/15),Week 5 (5/16 - 5/22),Week 6 (5/23 - 5/29),Week 7 (5/30 - 6/5),Week 8 (6/6 - 6/12),Week 9 (6/13 - 6/19),Week 10 (6/20 - 6/26),Week 11 (6/27 - 7/3),Week 12 (7/4 - 7/10),Week 13 (7/11 - 7/17),Week 14 (7/18 - 7/31),Week 15 (8/1 - 8/7),Week 16 (8/8 - 8/14),Week 17 (8/15 - 8/21),Week 18 (8/22 - 8/28),Week 19 (8/29 - 9/4),Week 20 (9/5 - 9/11),Week 21 (9/12 - 9/18),Week 22 (9/19 - 9/25),Week 23 (9/26 - 10/5)": "\nGuardians,4 vs CHW/ 3 @ NYY,4 @ LAA/ 3 @ OAK,2 vs SDP/ 4 vs TOR,3 @ CHW/ 3 @ MIN,2 vs CIN/ 3 vs DET,3 @ HOU/ 4 @ DET,3 vs KCR/ 3 @ BAL,3 vs TEX/ 4 vs OAK,3 @ COL/ 3 @ LAD,3 @ MIN/ 3 vs BOS,5 vs MIN/ 3 vs NYY,3 @ DET/ 3 @ KCR,3 vs CHW/ 3 vs DET,3 @ CHW/ 4 @ BOS/ 3 @ TBR,3 vs ARI/ 4 vs HOU,3 @ DET/ 3 @ TOR,3 vs DET/ 3 vs CHW,2 @ SDP/ 4 @ SEA,3 vs BAL/ 3 vs SEA,3 @ KCR/ 3 @ MIN,3 vs LAA/ 4 vs MIN,1 vs MIN/ 3 @ CHW/ 3 @ TEX,3 vs TBR/ 6 vs KCR"
  },
  {
    "Teams,Week 1 (4/18 - 4/24),Week 2 (4/25 - 5/1),Week 3 (5/2 - 5/8),Week 4 (5/9 - 5/15),Week 5 (5/16 - 5/22),Week 6 (5/23 - 5/29),Week 7 (5/30 - 6/5),Week 8 (6/6 - 6/12),Week 9 (6/13 - 6/19),Week 10 (6/20 - 6/26),Week 11 (6/27 - 7/3),Week 12 (7/4 - 7/10),Week 13 (7/11 - 7/17),Week 14 (7/18 - 7/31),Week 15 (8/1 - 8/7),Week 16 (8/8 - 8/14),Week 17 (8/15 - 8/21),Week 18 (8/22 - 8/28),Week 19 (8/29 - 9/4),Week 20 (9/5 - 9/11),Week 21 (9/12 - 9/18),Week 22 (9/19 - 9/25),Week 23 (9/26 - 10/5)": "\nMariners,3 vs TEX/ 3 vs KCR,3 @ TBR/ 3 @ MIA,3 @ HOU/ 4 vs TBR,3 vs PHI/ 3 @ NYM,3 @ TOR/ 4 @ BOS,3 vs OAK/ 3 vs HOU,3 @ BAL/ 3 @ TEX,3 @ HOU/ 3 vs BOS,3 vs MIN/ 5 vs LAA,3 @ OAK/ 3 @ LAA,3 vs BAL/ 4 vs OAK,2 @ SDP/ 4 vs TOR,2 @ WSN/ 4 @ TEX,3 vs HOU/ 3 vs TEX/ 4 @ HOU,3 @ NYY/ 4 vs LAA,3 vs NYY/ 3 @ TEX,3 @ LAA/ 3 @ OAK,2 vs WSN/ 4 vs CLE,3 @ DET/ 3 @ CLE,3 vs CHW/ 3 vs ATL,2 vs SDP/ 3 @ LAA,1 @ LAA/ 3 @ OAK/ 3 @ KCR,3 vs TEX/ 3 vs OAK/ 4 vs DET"
  },
  {
    "Teams,Week 1 (4/18 - 4/24),Week 2 (4/25 - 5/1),Week 3 (5/2 - 5/8),Week 4 (5/9 - 5/15),Week 5 (5/16 - 5/22),Week 6 (5/23 - 5/29),Week 7 (5/30 - 6/5),Week 8 (6/6 - 6/12),Week 9 (6/13 - 6/19),Week 10 (6/20 - 6/26),Week 11 (6/27 - 7/3),Week 12 (7/4 - 7/10),Week 13 (7/11 - 7/17),Week 14 (7/18 - 7/31),Week 15 (8/1 - 8/7),Week 16 (8/8 - 8/14),Week 17 (8/15 - 8/21),Week 18 (8/22 - 8/28),Week 19 (8/29 - 9/4),Week 20 (9/5 - 9/11),Week 21 (9/12 - 9/18),Week 22 (9/19 - 9/25),Week 23 (9/26 - 10/5)": "\nMarlins,3 vs STL/ 3 @ ATL,3 @ WSN/ 3 vs SEA,3 vs ARI/ 4 @ SDP,3 @ ARI/ 3 vs MIL,3 vs WSN/ 3 vs ATL,2 @ TBR/ 3 @ ATL,3 @ COL/ 4 vs SFG,3 vs WSN/ 3 @ HOU,3 @ PHI/ 3 @ NYM,1 @ NYM/ 3 vs COL/ 3 vs NYM,3 @ STL/ 3 @ WSN,1 @ WSN/ 2 vs LAA/ 4 @ NYM,4 vs PIT/ 3 vs PHI,1 vs TEX/ 3 @ PIT/ 4 @ CIN/ 3 vs NYM,3 vs CIN/ 3 @ CHC,3 @ PHI/ 4 vs ATL,3 vs SDP/ 3 @ LAD,3 @ OAK/ 3 vs LAD,1 vs LAD/ 2 vs TBR/ 3 @ ATL,3 @ PHI/ 3 vs NYM,2 vs TEX/ 3 vs PHI/ 3 @ WSN,3 vs CHC/ 3 vs WSN,2 @ NYM/ 4 @ MIL/ 3 vs ATL"
  },
  {
    "Teams,Week 1 (4/18 - 4/24),Week 2 (4/25 - 5/1),Week 3 (5/2 - 5/8),Week 4 (5/9 - 5/15),Week 5 (5/16 - 5/22),Week 6 (5/23 - 5/29),Week 7 (5/30 - 6/5),Week 8 (6/6 - 6/12),Week 9 (6/13 - 6/19),Week 10 (6/20 - 6/26),Week 11 (6/27 - 7/3),Week 12 (7/4 - 7/10),Week 13 (7/11 - 7/17),Week 14 (7/18 - 7/31),Week 15 (8/1 - 8/7),Week 16 (8/8 - 8/14),Week 17 (8/15 - 8/21),Week 18 (8/22 - 8/28),Week 19 (8/29 - 9/4),Week 20 (9/5 - 9/11),Week 21 (9/12 - 9/18),Week 22 (9/19 - 9/25),Week 23 (9/26 - 10/5)": "\nMets,4 vs SFG/ 3 @ ARI,3 @ STL/ 3 vs PHI,4 vs ATL/ 4 @ PHI,3 @ WSN/ 3 vs SEA,4 vs STL/ 3 @ COL,3 @ SFG/ 3 vs PHI,3 vs WSN/ 4 @ LAD,3 @ SDP/ 3 @ LAA,3 vs MIL/ 3 vs MIA,1 vs MIA/ 2 @ HOU/ 3 @ MIA,2 vs HOU/ 3 vs TEX,3 @ CIN/ 4 vs MIA,3 @ ATL/ 4 @ CHC,3 vs SDP/ 2 vs NYY/ 3 @ MIA,3 @ WSN/ 5 vs ATL,3 vs CIN/ 3 vs PHI,4 @ ATL/ 3 @ PHI,2 @ NYY/ 4 vs COL,3 vs LAD/ 3 vs WSN,3 @ PIT/ 3 @ MIA,3 vs CHC/ 4 vs PIT,3 @ MIL/ 3 @ OAK,2 vs MIA/ 3 @ ATL/ 3 vs WSN"
  },
  {
    "Teams,Week 1 (4/18 - 4/24),Week 2 (4/25 - 5/1),Week 3 (5/2 - 5/8),Week 4 (5/9 - 5/15),Week 5 (5/16 - 5/22),Week 6 (5/23 - 5/29),Week 7 (5/30 - 6/5),Week 8 (6/6 - 6/12),Week 9 (6/13 - 6/19),Week 10 (6/20 - 6/26),Week 11 (6/27 - 7/3),Week 12 (7/4 - 7/10),Week 13 (7/11 - 7/17),Week 14 (7/18 - 7/31),Week 15 (8/1 - 8/7),Week 16 (8/8 - 8/14),Week 17 (8/15 - 8/21),Week 18 (8/22 - 8/28),Week 19 (8/29 - 9/4),Week 20 (9/5 - 9/11),Week 21 (9/12 - 9/18),Week 22 (9/19 - 9/25),Week 23 (9/26 - 10/5)": "\nNationals,4 vs ARI/ 3 vs SFG,3 vs MIA/ 3 @ SFG,3 @ COL/ 3 @ LAA,3 vs NYM/ 3 vs HOU,3 @ MIA/ 3 @ MIL,3 vs LAD/ 4 vs COL,3 @ NYM/ 4 @ CIN,3 @ MIA/ 3 vs MIL,3 vs ATL/ 5 vs PHI,2 @ BAL/ 3 @ TEX,3 vs PIT/ 3 vs MIA,1 vs MIA/ 3 @ PHI/ 3 @ ATL,2 vs SEA/ 4 vs ATL,3 @ ARI/ 3 @ LAD/ 3 vs STL,3 vs NYM/ 4 @ PHI,3 @ CHC/ 3 vs SDP,3 vs CHC/ 4 @ SDP,2 @ SEA/ 3 vs CIN,3 vs OAK/ 3 @ NYM,4 @ STL/ 3 @ PHI,2 vs BAL/ 3 vs MIA,3 @ ATL/ 3 @ MIA,3 vs ATL/ 4 vs PHI/ 3 @ NYM"
  },
  {
    "Teams,Week 1 (4/18 - 4/24),Week 2 (4/25 - 5/1),Week 3 (5/2 - 5/8),Week 4 (5/9 - 5/15),Week 5 (5/16 - 5/22),Week 6 (5/23 - 5/29),Week 7 (5/30 - 6/5),Week 8 (6/6 - 6/12),Week 9 (6/13 - 6/19),Week 10 (6/20 - 6/26),Week 11 (6/27 - 7/3),Week 12 (7/4 - 7/10),Week 13 (7/11 - 7/17),Week 14 (7/18 - 7/31),Week 15 (8/1 - 8/7),Week 16 (8/8 - 8/14),Week 17 (8/15 - 8/21),Week 18 (8/22 - 8/28),Week 19 (8/29 - 9/4),Week 20 (9/5 - 9/11),Week 21 (9/12 - 9/18),Week 22 (9/19 - 9/25),Week 23 (9/26 - 10/5)": "\nOrioles,4 @ OAK/ 3 @ LAA,3 @ NYY/ 3 vs BOS,4 vs MIN/ 3 vs KCR,3 @ STL/ 3 @ DET,4 vs NYY/ 3 vs TBR,3 @ NYY/ 4 @ BOS,1 @ BOS/ 3 vs SEA/ 3 vs CLE,2 vs CHC/ 4 @ KCR,4 @ TOR/ 3 vs TBR,2 vs WSN/ 4 @ CHW,3 @ SEA/ 3 @ MIN,3 vs TEX/ 4 vs LAA,2 @ CHC/ 3 @ TBR,3 vs NYY/ 4 vs TBR/ 3 @ CIN,3 @ TEX/ 3 vs PIT,3vsTOR/ 1@BOS/ 3@TBR,3 @ TOR/ 3 vs BOS,3 vs CHW/ 3 @ HOU,3 @ CLE/ 3 vs OAK,3 vs TOR/ 3 vs BOS,2 @ WSN/ 3 @ TOR,3 vs DET/ 4 vs HOU,4 @ BOS/ 3 @ NYY/ 3 vs TOR"
  },
  {
    "Teams,Week 1 (4/18 - 4/24),Week 2 (4/25 - 5/1),Week 3 (5/2 - 5/8),Week 4 (5/9 - 5/15),Week 5 (5/16 - 5/22),Week 6 (5/23 - 5/29),Week 7 (5/30 - 6/5),Week 8 (6/6 - 6/12),Week 9 (6/13 - 6/19),Week 10 (6/20 - 6/26),Week 11 (6/27 - 7/3),Week 12 (7/4 - 7/10),Week 13 (7/11 - 7/17),Week 14 (7/18 - 7/31),Week 15 (8/1 - 8/7),Week 16 (8/8 - 8/14),Week 17 (8/15 - 8/21),Week 18 (8/22 - 8/28),Week 19 (8/29 - 9/4),Week 20 (9/5 - 9/11),Week 21 (9/12 - 9/18),Week 22 (9/19 - 9/25),Week 23 (9/26 - 10/5)": "\nPadres,3 vs CIN/ 3 vs LAD,3 @ CIN/ 3 @ PIT,2 @ CLE/ 4 vs MIA,3 vs CHC/ 3 @ ATL,3 @ PHI/ 3 @ SFG,3 vs MIL/ 3 vs PIT,3 @ STL/ 4 @ MIL,3 vs NYM/ 4 vs COL,4 @ CHC/ 3 @ COL,3 vs ARI/ 4 vs PHI,2 @ ARI/ 4 @ LAD,2 vs SEA/ 4 vs SFG,4 @ COL/ 3 vs ARI,3 @ NYM/ 3 @ DET/ 3 vs MIN,5 vs COL/ 3 @ LAD,3 vs SFG/ 3 @ WSN,3 @ MIA/ 4 vs WSN,2 vs CLE/ 3 @ KCR,3 @ SFG/ 3 @ LAD,3 vs ARI/ 3 vs LAD,2 @ SEA/ 4 @ ARI,3 vs STL/ 3 @ COL,3 vs LAD/ 3 vs CHW/ 3 vs SFG"
  },
  {
    "Teams,Week 1 (4/18 - 4/24),Week 2 (4/25 - 5/1),Week 3 (5/2 - 5/8),Week 4 (5/9 - 5/15),Week 5 (5/16 - 5/22),Week 6 (5/23 - 5/29),Week 7 (5/30 - 6/5),Week 8 (6/6 - 6/12),Week 9 (6/13 - 6/19),Week 10 (6/20 - 6/26),Week 11 (6/27 - 7/3),Week 12 (7/4 - 7/10),Week 13 (7/11 - 7/17),Week 14 (7/18 - 7/31),Week 15 (8/1 - 8/7),Week 16 (8/8 - 8/14),Week 17 (8/15 - 8/21),Week 18 (8/22 - 8/28),Week 19 (8/29 - 9/4),Week 20 (9/5 - 9/11),Week 21 (9/12 - 9/18),Week 22 (9/19 - 9/25),Week 23 (9/26 - 10/5)": "\nPhillies,3 @ COL/ 3 vs MIL,4 vs COL/ 3 @ NYM,2 vs TEX/ 4 vs NYM,3 @ SEA/ 4 @ LAD,3 vs SDP/ 3 vs LAD,4 @ ATL/ 3 @ NYM,3 vs SFG/ 3 vs LAA,3 @ MIL/ 3 vs ARI,3 vs MIA/ 5 @ WSN,2 @ TEX/ 4 @ SDP,3 vs ATL/ 3 vs STL,3 vs WSN/ 3 @ STL,1 @ STL/ 2 @ TOR/ 3 @ MIA,3 vs CHC/ 3 vs ATL/ 4 @ PIT,2 @ ATL/ 4 vs WSN,3 vs MIA/ 3 @ NYM,3 @ CIN/ 3 vs NYM,4 vs CIN/ 3 vs PIT,3 @ ARI/ 3 @ SFG,3 vs MIA/ 3 vs WSN,3 @ MIA/ 3 @ ATL,2 vs TOR/ 4 vs ATL,3 @ CHC/ 4 @ WSN/ 3 @ HOU"
  },
  {
    "Teams,Week 1 (4/18 - 4/24),Week 2 (4/25 - 5/1),Week 3 (5/2 - 5/8),Week 4 (5/9 - 5/15),Week 5 (5/16 - 5/22),Week 6 (5/23 - 5/29),Week 7 (5/30 - 6/5),Week 8 (6/6 - 6/12),Week 9 (6/13 - 6/19),Week 10 (6/20 - 6/26),Week 11 (6/27 - 7/3),Week 12 (7/4 - 7/10),Week 13 (7/11 - 7/17),Week 14 (7/18 - 7/31),Week 15 (8/1 - 8/7),Week 16 (8/8 - 8/14),Week 17 (8/15 - 8/21),Week 18 (8/22 - 8/28),Week 19 (8/29 - 9/4),Week 20 (9/5 - 9/11),Week 21 (9/12 - 9/18),Week 22 (9/19 - 9/25),Week 23 (9/26 - 10/5)": "\nPirates,3 @ MIL/ 4 @ CHC,3 vs MIL/ 3 vs SDP,2 @ DET/ 4 @ CIN,3 vs LAD/ 4 vs CIN,3 @ CHC/ 3 vs STL,3 vs COL/ 3 @ SDP,3 @ LAD/ 3 vs ARI,2 vs DET/ 4 @ ATL,3 @ STL/ 3 vs SFG,4 vs CHC/ 3 @ TBR,3 @ WSN/ 4 vs MIL,2 vs NYY/ 1 @ CIN/ 3 @ MIL,4 @ MIA/ 3 @ COL,3 vs MIA/ 2 @ CHC/ 4 vs PHI,3 vs MIL/ 3 @ BAL,4 @ ARI/ 3 @ SFG,3 vs BOS/ 3 vs CIN,3 vs ATL/ 3 @ PHI,3 @ MIL/ 3 vs TOR,3 vs NYM/ 3 vs STL,4 @ CIN/ 4 @ NYM,2 @ NYY/ 4 vs CHC,3 vs CIN/ 3 @ STL/ 3 vs STL"
  },
  {
    "Teams,Week 1 (4/18 - 4/24),Week 2 (4/25 - 5/1),Week 3 (5/2 - 5/8),Week 4 (5/9 - 5/15),Week 5 (5/16 - 5/22),Week 6 (5/23 - 5/29),Week 7 (5/30 - 6/5),Week 8 (6/6 - 6/12),Week 9 (6/13 - 6/19),Week 10 (6/20 - 6/26),Week 11 (6/27 - 7/3),Week 12 (7/4 - 7/10),Week 13 (7/11 - 7/17),Week 14 (7/18 - 7/31),Week 15 (8/1 - 8/7),Week 16 (8/8 - 8/14),Week 17 (8/15 - 8/21),Week 18 (8/22 - 8/28),Week 19 (8/29 - 9/4),Week 20 (9/5 - 9/11),Week 21 (9/12 - 9/18),Week 22 (9/19 - 9/25),Week 23 (9/26 - 10/5)": "\nRangers,3 @ SEA/ 3 @ OAK,4 vs HOU/ 3 vs ATL,2 @ PHI/ 3 @ NYY,3 vs KCR/ 3 vs BOS,3 vs LAA/ 4 @ HOU,2 @ LAA/ 4 @ OAK,4 vs TBR/ 3 vs SEA,3 @ CLE/ 3 @ CHW,3 vs HOU/ 4 @ DET,2 vs PHI/ 3 vs WSN,3 @ KCR/ 3 @ NYM,3 @ BAL/ 3 vs MIN,3 vs OAK/ 4 vs SEA,1 @ MIA/ 3 @ OAK/ 3 @ SEA/ 4 @ LAA,3 vs BAL/ 4 vs CHW,3 @ HOU/ 3 vs SEA,4 vs OAK/ 3 @ MIN,1 @ MIN/ 2 @ COL/ 3 vs DET,2 vs HOU/ 4 @ BOS,3 @ HOU/ 3 vs TOR,2 @ MIA/ 2 vs OAK/ 3 @ TBR,3 vs LAA/ 3 vs CLE,3 @ SEA/ 3 @ LAA/ 4 vs NYY"
  },
  {
    "Teams,Week 1 (4/18 - 4/24),Week 2 (4/25 - 5/1),Week 3 (5/2 - 5/8),Week 4 (5/9 - 5/15),Week 5 (5/16 - 5/22),Week 6 (5/23 - 5/29),Week 7 (5/30 - 6/5),Week 8 (6/6 - 6/12),Week 9 (6/13 - 6/19),Week 10 (6/20 - 6/26),Week 11 (6/27 - 7/3),Week 12 (7/4 - 7/10),Week 13 (7/11 - 7/17),Week 14 (7/18 - 7/31),Week 15 (8/1 - 8/7),Week 16 (8/8 - 8/14),Week 17 (8/15 - 8/21),Week 18 (8/22 - 8/28),Week 19 (8/29 - 9/4),Week 20 (9/5 - 9/11),Week 21 (9/12 - 9/18),Week 22 (9/19 - 9/25),Week 23 (9/26 - 10/5)": "\nRays,3 @ CHC/ 3 vs BOS,3 vs SEA/ 3 vs MIN,3 @ OAK/ 4 @ SEA,3 @ LAA/ 3 vs TOR,3 vs DET/ 3 @ BAL,2 vs MIA/ 4 vs NYY,4 @ TEX/ 3 vs CHW,3 vs STL/ 3 @ MIN,3 @ NYY/ 3 @ BAL,3 vs NYY/ 3 vs PIT,2 vs MIL/ 5 @ TOR,3 @ BOS/ 3 @ CIN,4 vs BOS/ 3 vs BAL,3 @ KCR/ 4 @ BAL/ 3 vs CLE,2 vs TOR/ 4 @ DET,2 @ MIL/ 3 vs BAL,3 @ NYY/ 4 vs KCR,4 vs LAA/ 3 @ BOS,2 @ MIA/ 3 vs NYY,3 vs BOS/ 3 @ NYY,5 @ TOR/ 3 vs TEX,3 vs HOU/ 4 vs TOR,3 @ CLE/ 3 @ HOU/ 3 @ BOS"
  },
  {
    "Teams,Week 1 (4/18 - 4/24),Week 2 (4/25 - 5/1),Week 3 (5/2 - 5/8),Week 4 (5/9 - 5/15),Week 5 (5/16 - 5/22),Week 6 (5/23 - 5/29),Week 7 (5/30 - 6/5),Week 8 (6/6 - 6/12),Week 9 (6/13 - 6/19),Week 10 (6/20 - 6/26),Week 11 (6/27 - 7/3),Week 12 (7/4 - 7/10),Week 13 (7/11 - 7/17),Week 14 (7/18 - 7/31),Week 15 (8/1 - 8/7),Week 16 (8/8 - 8/14),Week 17 (8/15 - 8/21),Week 18 (8/22 - 8/28),Week 19 (8/29 - 9/4),Week 20 (9/5 - 9/11),Week 21 (9/12 - 9/18),Week 22 (9/19 - 9/25),Week 23 (9/26 - 10/5)": "\nRed Sox,1 vs MIN/ 3 vs TOR/ 3 @ TBR,4 @ TOR/ 3 @ BAL,3 vs LAA/ 3 vs CHW,2 @ ATL/ 3 @ TEX,3 vs HOU/ 4 vs SEA,3 @ CHW/ 4 vs BAL,1 vs BAL/ 2 vs CIN/ 3 @ OAK,4 @ LAA/ 3 @ SEA,3 vs OAK/ 3 vs STL,3 vs DET/ 3 @ CLE,3 @ TOR/ 3 @ CHC,3 vs TBR/ 4 vs NYY,4 @ TBR/ 3 @ NYY,3 vs TOR/ 4 vs CLE/ 3 vs MIL,3 @ HOU/ 4 @ KCR,2 vs ATL/ 1 vs BAL/ 3 vs NYY,3 @ PIT/ 3 @ BAL,3 vs TOR/ 3 vs TBR,3 @ MIN/ 4 vs TEX,3 @ TBR/ 3 @ BAL,2 vs NYY/ 3 vs KCR,2 @ CIN/ 4 @ NYY,4 vs BAL/ 3 @ TOR/ 3 vs TBR"
  },
  {
    "Teams,Week 1 (4/18 - 4/24),Week 2 (4/25 - 5/1),Week 3 (5/2 - 5/8),Week 4 (5/9 - 5/15),Week 5 (5/16 - 5/22),Week 6 (5/23 - 5/29),Week 7 (5/30 - 6/5),Week 8 (6/6 - 6/12),Week 9 (6/13 - 6/19),Week 10 (6/20 - 6/26),Week 11 (6/27 - 7/3),Week 12 (7/4 - 7/10),Week 13 (7/11 - 7/17),Week 14 (7/18 - 7/31),Week 15 (8/1 - 8/7),Week 16 (8/8 - 8/14),Week 17 (8/15 - 8/21),Week 18 (8/22 - 8/28),Week 19 (8/29 - 9/4),Week 20 (9/5 - 9/11),Week 21 (9/12 - 9/18),Week 22 (9/19 - 9/25),Week 23 (9/26 - 10/5)": "\nReds,3 @ SDP/ 3 vs STL,3 vs SDP/ 3 @ COL,3 @ MIL/ 4 vs PIT,3 vs MIL/ 4 @ PIT,2 @ CLE/ 3 @ TOR,4 vs CHC/ 3 vs SFG,2 @ BOS/ 4 vs WSN,4 vs ARI/ 3 @ STL,3 @ ARI/ 3 vs MIL,3 vs LAD/ 3 @ SFG,3 @ CHC/ 3 vs ATL,3 vs NYM/ 1 vs PIT/ 3 vs TBR,3 @ NYY/ 3 @ STL,3 vs STL/ 4 vs MIA/ 3 vs BAL,3 @ MIA/ 3 @ MIL,3 @ NYM/ 3 vs CHC,3 vs PHI/ 3 @ PIT,4 @ PHI/ 3 @ WSN,3 vs STL/ 3 vs COL,3 @ CHC/ 3 @ MIL,4 vs PIT/ 4 @ STL,2 vs BOS/ 4 vs MIL,3 @ PIT/ 3 @ CHC/ 3 vs CHC"
  },
  {
    "Teams,Week 1 (4/18 - 4/24),Week 2 (4/25 - 5/1),Week 3 (5/2 - 5/8),Week 4 (5/9 - 5/15),Week 5 (5/16 - 5/22),Week 6 (5/23 - 5/29),Week 7 (5/30 - 6/5),Week 8 (6/6 - 6/12),Week 9 (6/13 - 6/19),Week 10 (6/20 - 6/26),Week 11 (6/27 - 7/3),Week 12 (7/4 - 7/10),Week 13 (7/11 - 7/17),Week 14 (7/18 - 7/31),Week 15 (8/1 - 8/7),Week 16 (8/8 - 8/14),Week 17 (8/15 - 8/21),Week 18 (8/22 - 8/28),Week 19 (8/29 - 9/4),Week 20 (9/5 - 9/11),Week 21 (9/12 - 9/18),Week 22 (9/19 - 9/25),Week 23 (9/26 - 10/5)": "\nRockies,3 vs PHI/ 3 @ DET,4 @ PHI/ 3 vs CIN,3 vs WSN/ 3 @ ARI,3 @ SFG/ 3 vs KCR,3 vs SFG/ 3 vs NYM,3 @ PIT/ 4 @ WSN,3 vs MIA/ 4 vs ATL,3 @ SFG/ 4 @ SDP,3 vs CLE/ 3 vs SDP,3 @ MIA/ 3 @ MIN,3 vs LAD/ 3 vs ARI,3 @ LAD/ 4 @ ARI,4 vs SDP/ 3 vs PIT,4 @ MIL/ 2 vs CHW/ 4 vs LAD,5 @ SDP/ 3 @ ARI,3 vs STL/ 3 vs ARI,3 @ STL/ 3 vs SFG,2 vs TEX/ 4 @ NYM,3 @ ATL/ 3 @ CIN,3 vs MIL/ 3 vs ARI,2 @ CHW/ 3 @ CHC,4 vs SFG/ 3 vs SDP,3 @ SFG/ 6 @ LAD"
  },
  {
    "Teams,Week 1 (4/18 - 4/24),Week 2 (4/25 - 5/1),Week 3 (5/2 - 5/8),Week 4 (5/9 - 5/15),Week 5 (5/16 - 5/22),Week 6 (5/23 - 5/29),Week 7 (5/30 - 6/5),Week 8 (6/6 - 6/12),Week 9 (6/13 - 6/19),Week 10 (6/20 - 6/26),Week 11 (6/27 - 7/3),Week 12 (7/4 - 7/10),Week 13 (7/11 - 7/17),Week 14 (7/18 - 7/31),Week 15 (8/1 - 8/7),Week 16 (8/8 - 8/14),Week 17 (8/15 - 8/21),Week 18 (8/22 - 8/28),Week 19 (8/29 - 9/4),Week 20 (9/5 - 9/11),Week 21 (9/12 - 9/18),Week 22 (9/19 - 9/25),Week 23 (9/26 - 10/5)": "\nRoyals,3 vs MIN/ 3 @ SEA,3 @ CHW/ 3 vs NYY,2 vs STL/ 3 @ BAL,3 @ TEX/ 3 @ COL,5 vs CHW/ 3 vs MIN,2 @ ARI/ 4 @ MIN,3 @ CLE/ 3 vs HOU,3 vs TOR/ 4 vs BAL,3 @ SFG/ 3 @ OAK,3 @ LAA/ 3 vs OAK,3 vs TEX/ 3 @ DET,4 @ HOU/ 3 vs CLE,3 vs DET/ 4 @ TOR,3 vs TBR/ 3 vs LAA/ 4 @ NYY,3 @ CHW/ 4 vs BOS,4 vs CHW/ 3 vs LAD,3 @ MIN/ 4 @ TBR,1 vs CHW/ 2 vs ARI/ 3 vs SDP,3 @ CHW/ 3 @ DET,3 vs CLE/ 3 vs DET,3 @ MIN/ 3 @ BOS,3 vs MIN/ 3 vs SEA,3 @ DET/ 6 @ CLE"
  },
  {
    "Teams,Week 1 (4/18 - 4/24),Week 2 (4/25 - 5/1),Week 3 (5/2 - 5/8),Week 4 (5/9 - 5/15),Week 5 (5/16 - 5/22),Week 6 (5/23 - 5/29),Week 7 (5/30 - 6/5),Week 8 (6/6 - 6/12),Week 9 (6/13 - 6/19),Week 10 (6/20 - 6/26),Week 11 (6/27 - 7/3),Week 12 (7/4 - 7/10),Week 13 (7/11 - 7/17),Week 14 (7/18 - 7/31),Week 15 (8/1 - 8/7),Week 16 (8/8 - 8/14),Week 17 (8/15 - 8/21),Week 18 (8/22 - 8/28),Week 19 (8/29 - 9/4),Week 20 (9/5 - 9/11),Week 21 (9/12 - 9/18),Week 22 (9/19 - 9/25),Week 23 (9/26 - 10/5)": "\nTigers,3 vs NYY/ 3 vs COL,3 @ MIN/ 3 @ LAD,2 vs PIT/ 4 @ HOU,1 @ OAK/ 4 vs OAK/ 3 vs BAL,3 @ TBR/ 3 @ CLE,3 @ MIN/ 4 vs CLE,5 vs MIN/ 3 @ NYY,2 @ PIT/ 3 vs TOR,3 vs CHW/ 4 vs TEX,3 @ BOS/ 3 @ ARI,2 @ SFG/ 3 vs KCR,3 vs CLE/ 4 @ CHW,3 @ KCR/ 3 @ CLE,2 @ OAK/ 2 vs MIN/ 3 vs SDP/ 4 @ TOR,3 @ MIN/ 4 vs TBR,3 vs CLE/ 3 @ CHW,3 @ CLE/ 3 vs LAA,2 vs SFG/ 3 @ TEX,3 vs SEA/ 3 vs KCR,3 @ LAA/ 3 @ KCR,3 vs HOU/ 3 vs CHW,3 @ BAL/ 3 @ CHW,3 vs KCR/ 3 vs MIN/ 4 @ SEA"
  },
  {
    "Teams,Week 1 (4/18 - 4/24),Week 2 (4/25 - 5/1),Week 3 (5/2 - 5/8),Week 4 (5/9 - 5/15),Week 5 (5/16 - 5/22),Week 6 (5/23 - 5/29),Week 7 (5/30 - 6/5),Week 8 (6/6 - 6/12),Week 9 (6/13 - 6/19),Week 10 (6/20 - 6/26),Week 11 (6/27 - 7/3),Week 12 (7/4 - 7/10),Week 13 (7/11 - 7/17),Week 14 (7/18 - 7/31),Week 15 (8/1 - 8/7),Week 16 (8/8 - 8/14),Week 17 (8/15 - 8/21),Week 18 (8/22 - 8/28),Week 19 (8/29 - 9/4),Week 20 (9/5 - 9/11),Week 21 (9/12 - 9/18),Week 22 (9/19 - 9/25),Week 23 (9/26 - 10/5)": "\nTwins,1 @ BOS/ 3 @ KCR/ 3 vs CHW,3 vs DET/ 3 @ TBR,4 @ BAL/ 3 vs OAK,3 vs HOU/ 3 vs CLE,3 @ OAK/ 3 @ KCR,3 vs DET/ 4 vs KCR,5 @ DET/ 3 @ TOR,3 vs NYY/ 3 vs TBR,3 @ SEA/ 3 @ ARI,3 vs CLE/ 3 vs COL,5 @ CLE/ 3 vs BAL,3 @ CHW/ 3 @ TEX,2 vs MIL/ 4 vs CHW,2 @ DET/ 2 @ MIL/ 3 @ SDP,3 vs DET/ 4 vs TOR,2 @ LAD/ 3 @ LAA,3 vs KCR/ 3 vs TEX,1 vs TEX/ 3 @ HOU/ 3 vs SFG,3 vs BOS/ 3 @ CHW,4 @ NYY/ 3 vs CLE,3 vs KCR/ 4 @ CLE,1 @ CLE/ 3 @ KCR/ 3 vs LAA,3 vs CHW/ 3 @ DET/ 3 @ CHW"
  },
  {
    "Teams,Week 1 (4/18 - 4/24),Week 2 (4/25 - 5/1),Week 3 (5/2 - 5/8),Week 4 (5/9 - 5/15),Week 5 (5/16 - 5/22),Week 6 (5/23 - 5/29),Week 7 (5/30 - 6/5),Week 8 (6/6 - 6/12),Week 9 (6/13 - 6/19),Week 10 (6/20 - 6/26),Week 11 (6/27 - 7/3),Week 12 (7/4 - 7/10),Week 13 (7/11 - 7/17),Week 14 (7/18 - 7/31),Week 15 (8/1 - 8/7),Week 16 (8/8 - 8/14),Week 17 (8/15 - 8/21),Week 18 (8/22 - 8/28),Week 19 (8/29 - 9/4),Week 20 (9/5 - 9/11),Week 21 (9/12 - 9/18),Week 22 (9/19 - 9/25),Week 23 (9/26 - 10/5)": "\nWhite Sox,4 @ CLE/ 3 @ MIN,3 vs KCR/ 3 vs LAA,1 vs LAA/ 2 @ CHC/ 3 @ BOS,3 vs CLE/ 4 vs NYY,5 @ KCR/ 3 @ NYY,3 vs BOS/ 2 vs CHC,3 @ TOR/ 3 @ TBR,3 vs LAD/ 3 vs TEX,3 @ DET/ 3 @ HOU,3 vs TOR/ 4 vs BAL,3 @ LAA/ 3 @ SFG,3 vs MIN/ 4 vs DET,3 @ CLE/ 4 @ MIN,3 vs CLE/ 2 @ COL/ 3 vs OAK,3 vs KCR/ 4 @ TEX,4 @ KCR/ 3 vs DET,4 vs HOU/ 3 @ CLE,1 @ KCR/ 3 @ BAL/ 3 vs ARI,3 vs KCR/ 3 vs MIN,3 @ SEA/ 4 @ OAK,2 vs COL/ 3 @ DET,3 vs CLE/ 3 vs DET,3 @ MIN/ 3 @ SDP/ 3 vs MIN"
  }
]
